7-Zip 24.07 (x64 edition),128.0.6613.120,0,2024-09-01
7-Zip 24.07 (x64 edition),128.0.6613.120,1,2024-09-02
7-Zip 24.07 (x64 edition),128.0.6613.120,2,2024-09-03
7-Zip 24.07 (x64 edition),128.0.6613.120,3,2024-09-04
7-Zip 24.07 (x64 edition),128.0.6613.120,4,2024-09-05
7-Zip 24.07 (x64 edition),128.0.6613.120,5,2024-09-06
7-Zip 24.07 (x64 edition),128.0.6613.120,6,2024-09-07
Adobe Acrobat (64-bit),128.0.6613.120,0,2024-09-01
Adobe Acrobat (64-bit),128.0.6613.120,1,2024-09-02
Adobe Acrobat (64-bit),128.0.6613.120,2,2024-09-03
Adobe Acrobat (64-bit),128.0.6613.120,3,2024-09-04
Adobe Acrobat (64-bit),128.0.6613.120,4,2024-09-05
Adobe Acrobat (64-bit),128.0.6613.120,5,2024-09-06
Adobe Acrobat (64-bit),128.0.6613.120,6,2024-09-07
FortiClient VPN,128.0.6613.120,0,2024-09-01
FortiClient VPN,128.0.6613.120,1,2024-09-02
FortiClient VPN,128.0.6613.120,2,2024-09-03
FortiClient VPN,128.0.6613.120,3,2024-09-04
FortiClient VPN,128.0.6613.120,4,2024-09-05
FortiClient VPN,128.0.6613.120,5,2024-09-06
FortiClient VPN,128.0.6613.120,6,2024-09-07
Google Chrome,128.0.6613.120,0,2024-09-01
Google Chrome,128.0.6613.120,1,2024-09-02
Google Chrome,128.0.6613.120,2,2024-09-03
Google Chrome,128.0.6613.120,3,2024-09-04
Google Chrome,128.0.6613.120,4,2024-09-05
Google Chrome,128.0.6613.120,5,2024-09-06
Google Chrome,128.0.6613.120,6,2024-09-07
